#{"t_start": 1736941006.219435, "env_id": "gymnasium_env/PingPongEnv-v0"}
r,l,t
-276.883901,40,6.765129
-279.240823,40,6.915432
-282.100671,40,7.080048
-283.410132,40,7.256871
-271.176649,40,7.426295
-267.819419,40,7.598364
-273.842397,40,7.753175
-299.023989,40,7.913223
-284.650668,40,8.072829
-275.323424,40,8.237378
-288.299545,40,8.423569
-275.092003,40,8.628147
-266.66763,40,8.792365
-286.177789,40,8.960549
-272.450182,40,9.115815
-287.722048,40,9.285929
-271.935826,40,9.440937
-271.410496,40,9.602181
-281.404996,40,9.76205
-260.645337,40,9.953394
-268.260328,40,10.20763
-279.942818,40,10.403763
-302.962484,40,10.595471
-272.647406,40,10.777921
-289.348548,40,10.977795
-220.730477,34,39.17504
-276.172354,40,39.379517
-285.136508,40,39.543994
-284.330812,40,39.709968
-272.127098,40,39.862916
-287.838644,40,40.032214
-289.554064,40,40.185399
-266.677798,40,40.347935
-269.863311,40,40.510654
-288.297877,40,40.677514
-299.505479,40,40.830039
-278.766691,40,41.00214
-278.344204,40,41.162139
-274.342437,40,41.33326
-286.599989,40,41.492543
-275.938383,40,41.660504
-287.920937,40,41.866436
-272.650025,40,42.03772
-273.630985,40,42.205187
-280.237308,40,42.362515
-289.717839,40,42.535705
-274.051147,40,42.69637
-261.520145,40,42.86206
-277.353483,40,43.018693
-291.754855,40,43.175226
-264.284901,40,43.334625
-280.978202,40,60.418909
-343.635753,83,60.812026
-295.896058,40,60.981315
-290.229472,40,61.16609
-202.594389,32,61.296224
-283.264816,40,61.488
-292.547109,40,61.675641
-293.261884,40,61.864825
-271.918729,40,62.041712
-274.741047,40,62.205744
-299.731168,40,62.395107
-280.524334,40,62.574753
-278.310114,40,62.745893
-387.182796,57,63.337309
-291.382999,40,63.510342
-292.423721,40,63.683696
-271.799083,40,63.863893
-284.325869,40,64.034199
-294.317713,40,64.206793
-287.782794,40,64.404176
-272.285557,40,64.568782
-277.960499,40,64.742182
-352.524565,48,64.948403
-277.824598,40,65.12465
